[
  {
   "option" : "Coupe et Couture", "contenus" :[
      {
        "classe": 3,
        "cours": [
          { "nom": "Religion", "pondération": 80, "nbrheures": 1 },
          { "nom": "Éducation civique et morale", "pondération": 80, "nbrheures": 1 },
          { "nom": "Éducation à la vie", "pondération": 80, "nbrheures": 1 },
          { "nom": "Anglais", "pondération": 160, "nbrheures": 2 },
          { "nom": "Questions d’actualité", "pondération": 160, "nbrheures": 2 },
          { "nom": "Informatique", "pondération": 160, "nbrheures": 2 },
          { "nom": "Mathématiques", "pondération": 160, "nbrheures": 2 },
          { "nom": "Physique", "pondération": 160, "nbrheures": 2 },
          { "nom": "Chimie", "pondération": 160, "nbrheures": 2 },
          { "nom": "Biologie", "pondération": 160, "nbrheures": 2 },
          { "nom": "Éducation physique", "pondération": 160, "nbrheures": 2 },
          { "nom": "Technique des textiles", "pondération": 160, "nbrheures": 2 },
          { "nom": "Technique de la spécialité", "pondération": 160, "nbrheures": 2 },
          { "nom": "Dessin artistique", "pondération": 160, "nbrheures": 2 },
          { "nom": "Éducation familiale et puériculture", "pondération": 160, "nbrheures": 2 },
          { "nom": "Français", "pondération": 320, "nbrheures": 4 },
          { "nom": "Dessin technique", "pondération": 320, "nbrheures": 4 },
          { "nom": "Coupe", "pondération": 320, "nbrheures": 4 },
          { "nom": "Essayage et moulage", "pondération": 320, "nbrheures": 4 },
          { "nom": "Exercices techniques", "pondération": 320, "nbrheures": 4 },
          { "nom": "Couture artisanale", "pondération": 320, "nbrheures": 4 },
          { "nom": "Couture industrielle", "pondération": 320, "nbrheures": 4 }
        ]
      }
    ]
  },
  {
    "option" :"Scientifiques", "contenus" : [
      {
        "classe": 1,
        "cours": [
          { "nom": "Algèbre & Analyse", "pondération": 240, "nbrheures": 3 },
          { "nom": "Géométrie", "pondération": 160, "nbrheures": 2 },
          { "nom": "Trigonométrie & Statistique", "pondération": 80, "nbrheures": 1 },
          { "nom": "Dessin Scientifique", "pondération": 80, "nbrheures": 1 },

          { "nom": "Biologie générale", "pondération": 160, "nbrheures": 2 },
          { "nom": "Systématique & Jardinage", "pondération": 160, "nbrheures": 2 },
          { "nom": "Écologie", "pondération": 80, "nbrheures": 1 },
          { "nom": "Géologie & Évolution", "pondération": 80, "nbrheures": 1 },

          { "nom": "Chimie", "pondération": 240, "nbrheures": 3 },
          { "nom": "Physique", "pondération": 240, "nbrheures": 3 },
          { "nom": "TIC", "pondération": 80, "nbrheures": 1 },

          { "nom": "Français", "pondération": 400, "nbrheures": 5 },
          { "nom": "Anglais", "pondération": 320, "nbrheures": 4 },

          { "nom": "Éducation civique et morale", "pondération": 80, "nbrheures": 1 },
          { "nom": "Religion", "pondération": 80, "nbrheures": 1 },
          { "nom": "Géographie", "pondération": 160, "nbrheures": 2 },
          { "nom": "Histoire", "pondération": 160, "nbrheures": 2 },

          { "nom": "Esthétique", "pondération": 80, "nbrheures": 1 },
          { "nom": "Éducation physique", "pondération": 160, "nbrheures": 2 }
        ]
      },
      {
        "classe": 2,
        "cours": [
          { "nom": "Algèbre & Analyse", "pondération": 240, "nbrheures": 3 },
          { "nom": "Géométrie", "pondération": 160, "nbrheures": 2 },
          { "nom": "Trigonométrie & Statistique", "pondération": 80, "nbrheures": 1 },
          { "nom": "Dessin Scientifique", "pondération": 80, "nbrheures": 1 },

          { "nom": "Biologie générale", "pondération": 160, "nbrheures": 2 },
          { "nom": "Systématique & Jardinage", "pondération": 160, "nbrheures": 2 },
          { "nom": "Écologie", "pondération": 80, "nbrheures": 1 },
          { "nom": "Géologie & Évolution", "pondération": 80, "nbrheures": 1 },

          { "nom": "Chimie", "pondération": 240, "nbrheures": 3 },
          { "nom": "Physique", "pondération": 240, "nbrheures": 3 },
          { "nom": "TIC", "pondération": 80, "nbrheures": 1 },

          { "nom": "Français", "pondération": 400, "nbrheures": 5 },
          { "nom": "Anglais", "pondération": 320, "nbrheures": 4 },

          { "nom": "Éducation civique et morale", "pondération": 80, "nbrheures": 1 },
          { "nom": "Religion", "pondération": 80, "nbrheures": 1 },
          { "nom": "Géographie", "pondération": 160, "nbrheures": 2 },
          { "nom": "Histoire", "pondération": 160, "nbrheures": 2 },

          { "nom": "Esthétique", "pondération": 80, "nbrheures": 1 },
          { "nom": "Éducation physique", "pondération": 160, "nbrheures": 2 }
        ]
      },
      {
        "classe": 3,
        "cours": [
          { "nom": "Algèbre & Analyse", "pondération": 240, "nbrheures": 3 },
          { "nom": "Géométrie", "pondération": 160, "nbrheures": 2 },
          { "nom": "Trigonométrie & Statistique", "pondération": 80, "nbrheures": 1 },
          { "nom": "Dessin Scientifique", "pondération": 80, "nbrheures": 1 },

          { "nom": "Biologie générale", "pondération": 160, "nbrheures": 2 },
          { "nom": "Systématique & Jardinage", "pondération": 160, "nbrheures": 2 },
          { "nom": "Écologie", "pondération": 80, "nbrheures": 1 },
          { "nom": "Géologie & Évolution", "pondération": 80, "nbrheures": 1 },

          { "nom": "Chimie", "pondération": 240, "nbrheures": 3 },
          { "nom": "Physique", "pondération": 240, "nbrheures": 3 },
          { "nom": "TIC", "pondération": 80, "nbrheures": 1 },

          { "nom": "Français", "pondération": 400, "nbrheures": 5 },
          { "nom": "Anglais", "pondération": 320, "nbrheures": 4 },

          { "nom": "Éducation civique et morale", "pondération": 80, "nbrheures": 1 },
          { "nom": "Religion", "pondération": 80, "nbrheures": 1 },
          { "nom": "Géographie", "pondération": 160, "nbrheures": 2 },
          { "nom": "Histoire", "pondération": 160, "nbrheures": 2 },

          { "nom": "Esthétique", "pondération": 80, "nbrheures": 1 },
          { "nom": "Éducation physique", "pondération": 160, "nbrheures": 2 }
        ]
      },
      {
        "classe": 4,
        "cours": [
          { "nom": "Algèbre & Analyse", "pondération": 240, "nbrheures": 3 },
          { "nom": "Géométrie", "pondération": 160, "nbrheures": 2 },
          { "nom": "Trigonométrie & Statistique", "pondération": 80, "nbrheures": 1 },
          { "nom": "Dessin Scientifique", "pondération": 80, "nbrheures": 1 },

          { "nom": "Biologie générale", "pondération": 160, "nbrheures": 2 },
          { "nom": "Systématique & Jardinage", "pondération": 160, "nbrheures": 2 },
          { "nom": "Écologie", "pondération": 80, "nbrheures": 1 },
          { "nom": "Géologie & Évolution", "pondération": 80, "nbrheures": 1 },

          { "nom": "Chimie", "pondération": 240, "nbrheures": 3 },
          { "nom": "Physique", "pondération": 240, "nbrheures": 3 },
          { "nom": "TIC", "pondération": 80, "nbrheures": 1 },

          { "nom": "Français", "pondération": 400, "nbrheures": 5 },
          { "nom": "Anglais", "pondération": 320, "nbrheures": 4 },

          { "nom": "Éducation civique et morale", "pondération": 80, "nbrheures": 1 },
          { "nom": "Religion", "pondération": 80, "nbrheures": 1 },
          { "nom": "Géographie", "pondération": 160, "nbrheures": 2 },
          { "nom": "Histoire", "pondération": 160, "nbrheures": 2 },

          { "nom": "Esthétique", "pondération": 80, "nbrheures": 1 },
          { "nom": "Éducation physique", "pondération": 160, "nbrheures": 2 }
        ]
      }
    ]
  },
  {
   "option": "Education de base"
, "contenus" : [
      {
        "classe": 8,
        "cours": [
          { "nom": "Algèbre", "pondération": 320, "nbrheures": 4 },
          { "nom": "Arithmétique", "pondération": 80, "nbrheures": 1 },
          { "nom": "Géométrie", "pondération": 160, "nbrheures": 2 },
          { "nom": "Statistique", "pondération": 80, "nbrheures": 1 },

          { "nom": "Anatomie", "pondération": 80, "nbrheures": 1 },
          { "nom": "Botanique", "pondération": 80, "nbrheures": 1 },
          { "nom": "Zoologie", "pondération": 80, "nbrheures": 1 },

          { "nom": "Sciences physiques", "pondération": 80, "nbrheures": 1 },
          { "nom": "Technologie", "pondération": 80, "nbrheures": 1 },
          { "nom": "TIC", "pondération": 80, "nbrheures": 1 },

          { "nom": "Anglais", "pondération": 240, "nbrheures": 3 },
          { "nom": "Français", "pondération": 560, "nbrheures": 7 },

          { "nom": "Religion", "pondération": 160, "nbrheures": 2 },
          { "nom": "Éducation à la vie", "pondération": 160, "nbrheures": 2 },
          { "nom": "Éducation civique et morale", "pondération": 160, "nbrheures": 2 },
          { "nom": "Géographie", "pondération": 160, "nbrheures": 2 },
          { "nom": "Histoire", "pondération": 160, "nbrheures": 2 },

          { "nom": "Dessin", "pondération": 160, "nbrheures": 2 },
          { "nom": "Musique", "pondération": 160, "nbrheures": 2 },

          { "nom": "Éducation physique", "pondération": 160, "nbrheures": 2 }
        ]
      },
      {
        "classe": 7,
        "cours": [
          { "nom": "Algèbre", "pondération": 320, "nbrheures": 4 },
          { "nom": "Arithmétique", "pondération": 80, "nbrheures": 1 },
          { "nom": "Géométrie", "pondération": 160, "nbrheures": 2 },
          { "nom": "Statistique", "pondération": 80, "nbrheures": 1 },

          { "nom": "Anatomie", "pondération": 80, "nbrheures": 1 },
          { "nom": "Botanique", "pondération": 80, "nbrheures": 1 },
          { "nom": "Zoologie", "pondération": 80, "nbrheures": 1 },

          { "nom": "Sciences physiques", "pondération": 80, "nbrheures": 1 },
          { "nom": "Technologie", "pondération": 80, "nbrheures": 1 },
          { "nom": "TIC", "pondération": 80, "nbrheures": 1 },

          { "nom": "Anglais", "pondération": 240, "nbrheures": 3 },
          { "nom": "Français", "pondération": 560, "nbrheures": 7 },

          { "nom": "Religion", "pondération": 160, "nbrheures": 2 },
          { "nom": "Éducation à la vie", "pondération": 160, "nbrheures": 2 },
          { "nom": "Éducation civique et morale", "pondération": 160, "nbrheures": 2 },
          { "nom": "Géographie", "pondération": 160, "nbrheures": 2 },
          { "nom": "Histoire", "pondération": 160, "nbrheures": 2 },

          { "nom": "Dessin", "pondération": 160, "nbrheures": 2 },
          { "nom": "Musique", "pondération": 160, "nbrheures": 2 },

          { "nom": "Éducation physique", "pondération": 160, "nbrheures": 2 }
        ]
      }
    ]
  }
]
